ItemId,ImageURL,Title,OriginalPrice,SalePrice,Discount,Rating,Orders,BuyLink,CouponCode,Opening,Strengths,Video Url
1005001814197354,https://ae-pic-a1.aliexpress-media.com/kf/Sb884ae5344924e5c94f0cf0f9e3c1b72z.png,Mpow Flame Solo ××œ×—×•×˜×™ ××•×–× ×™×•×ª TWS Bluetooth 5.4 ××•×–× ×™×•×ª with ENC ×‘×™×˜×•×œ ×¨×¢×©×™× ××™×§×¨×•×¤×•×Ÿ IPX7 ×¢××™×“ ×‘××™× for Running Sport,178.09,80.14,55%,91.9%,443,https://s.click.aliexpress.com/e/_oCVY3NB,,ğŸ§ ×©×“×¨×’×• ××ª ×”×”××–× ×” â€“ ×¦×œ×™×œ ×—×“ ×•×‘×¨×•×¨ ×‘×›×œ ×¨×’×¢!,"Mpow Flame Solo ××œ×—×•×˜×™ ××•×–× ×™×•×ª TWS Bluetooth 5.4 ××•×–× ×™×•×ª with ENC ×‘×™×˜×•×œ ×¨×¢×©×™× ××™×§×¨×•×¤×•×Ÿ IPX7 ×¢××™×“ ×‘××™× for Running Sport
â€¢ ××™×›×•×ª ×¦×œ×™×œ ×—×“×” ğŸµ
â€¢ × ×•×—×•×ª ×‘×©×™××•×© ×××•×©×š ğŸ§
â€¢ ×—×™×™ ×¡×•×œ×œ×” ××¨×•×›×™× ğŸ”‹",https://video.aliexpress-media.com/play/u/ae_sg_item/2751297168/p/1/e/6/t/10301/289338535274.mp4
1005006383228343,https://ae-pic-a1.aliexpress-media.com/kf/Sf18386f8f9b14ef2ba6cac10ba2078165.jpg,KINHANK G1 ×¡×˜×¨×™××¨ Android TV With Netflix 4K Ultra HD Google Certified Dolby Vision HDR10+  4G 32G WiFi6 Streaming Media Device,748.48,232.03,69%,96.8%,5149,https://s.click.aliexpress.com/e/_oporSHb,,ğŸ“º ×§×•×œ× ×•×¢ ×‘×‘×™×ª â€“ ×—×•×•×™×™×ª ×¦×¤×™×™×” ×—×“×” ×•××¨×’×©×ª!,"KINHANK G1 ×¡×˜×¨×™××¨ Android TV With Netflix 4K Ultra HD Google Certified Dolby Vision HDR10+  4G 32G WiFi6 Streaming Media Device
â€¢ ××™×›×•×ª ×ª××•× ×” ×—×“×” ğŸŒŸ
â€¢ ×—×™×‘×•×¨ ×™×¦×™×‘ ×•××”×™×¨ ğŸ“¡
â€¢ ×ª×¤×¢×•×œ ××™× ×˜×•××™×˜×™×‘×™ âš¡",https://video.aliexpress-media.com/play/u/ae_sg_item/243504189/p/1/e/6/t/10301/1100203634424.mp4
1005006702505204,https://ae-pic-a1.aliexpress-media.com/kf/See1724001c8f4fbfabd82c5d0fcdf3cbN.jpg,AOCHUAN 3-Axis ×™×“× ×™ ××™×™×¦×‘ ×—×›×XE for ×—×›×phone for iPhone Android AI Face Tracking TikTok Vlog,325.74,121.53,62%,91.6%,3231,https://s.click.aliexpress.com/e/_olzJKy1,,âœ¨ ××•×¦×¨ ×—×›× ×©×™×©×“×¨×’ ××ª ×”×™×•× ×©×œ×›×!,"AOCHUAN 3-Axis ×™×“× ×™ ××™×™×¦×‘ ×—×›×XE for ×—×›×phone for iPhone Android AI Face Tracking TikTok Vlog
â€¢ ×¢×™×¦×•×‘ ××•×“×¨× ×™ âœ¨
â€¢ ×©×™××•×© ×§×œ ×•× ×•×— âš¡
â€¢ ××•×ª×× ×œ×¦×¨×›×™× ×©×œ×›× ğŸ¯",https://video.aliexpress-media.com/play/u/ae_sg_item/239350914/p/1/e/6/t/10301/1100221758039.mp4
1005006821201816,https://ae-pic-a1.aliexpress-media.com/kf/Scaf86299722f4aa195d146baa7179392R.jpg,"FIFINE Adjustable Low-profile Arm ××™×§×¨×•×¤×•×Ÿrophone Stand with Cable Managment/Desk Mount, Suspension Boom for K688 Ampligame AM8-BM88",514.33,135.74,73%,95.1%,4503,https://s.click.aliexpress.com/e/_oEL1QYt,,"ğŸ¤ ×§×•×œ ××§×¦×•×¢×™ â€“ ×œ×©×™×“×•×¨×™×, ×¤×•×“×§××¡×˜×™× ×•×”×§×œ×˜×•×ª!","FIFINE Adjustable Low-profile Arm ××™×§×¨×•×¤×•×Ÿrophone Stand with Cable Managment/Desk Mount, Suspension Boom for K688 Ampligame AM8-BM88
â€¢ ××™×›×•×ª ×§×•×œ ××§×¦×•×¢×™×ª ğŸ¤
â€¢ ×©×œ×™×˜×” × ×•×—×” ğŸ›ï¸
â€¢ ××‘× ×” ×§×©×™×— ×•×××™×Ÿ ğŸ› ï¸",https://video.aliexpress-media.com/play/u/ae_sg_item/234591151/p/1/e/6/t/10301/1100213400916.mp4
1005007357456579,https://ae-pic-a1.aliexpress-media.com/kf/S6632c3536c984a60b28fe11cd349b438E.jpg,Ortizan Bluetooth ×¨××§×•×œs 40W Enhanced Bass × ×™×™×“ Outdoor ××œ×—×•×˜×™ ×¨××§×•×œ 30Hrs IP7 ×¢××™×“ ×‘××™× Shower ×¨××§×•×œ Bluetooth 5.3,227.51,84.88,62%,95.8%,6415,https://s.click.aliexpress.com/e/_onL5zSp,,ğŸ”Š ×”××•×–×™×§×” ×”×•×œ×›×ª ××™×ª×›× â€“ ×¢×•×¦××” ×‘×œ×™ ×¤×©×¨×•×ª!,"Ortizan Bluetooth ×¨××§×•×œs 40W Enhanced Bass × ×™×™×“ Outdoor ××œ×—×•×˜×™ ×¨××§×•×œ 30Hrs IP7 ×¢××™×“ ×‘××™× Shower ×¨××§×•×œ Bluetooth 5.3
â€¢ ×¢×•×¦××ª ×©××¢ ×’×‘×•×”×” ğŸ¶
â€¢ ×¢××™×“×•×ª ×‘××™× ğŸ’¦
â€¢ ×–××Ÿ × ×’×™× ×” ××¨×•×š ğŸ”‹",
1005006007773971,https://ae-pic-a1.aliexpress-media.com/kf/S8665f936a698423183f1079b03d191d6T.jpg,"FIFINE USB/XLR Dynamic ××™×§×¨×•×¤×•×Ÿrophone with Shock Mount,Touch-mute,Headphone Jack&Volume Control,for PC or Sound Card Recording -K688",297.68,116.74,60%,96.5%,6590,https://s.click.aliexpress.com/e/_oEO8hNR,,"ğŸ¤ ×§×•×œ ××§×¦×•×¢×™ â€“ ×œ×©×™×“×•×¨×™×, ×¤×•×“×§××¡×˜×™× ×•×”×§×œ×˜×•×ª!","FIFINE USB/XLR Dynamic ××™×§×¨×•×¤×•×Ÿrophone with Shock Mount,Touch-mute,Headphone Jack&Volume Control,for PC or Sound Card Recording -K688
â€¢ ××™×›×•×ª ×§×•×œ ××§×¦×•×¢×™×ª ğŸ¤
â€¢ ×©×œ×™×˜×” × ×•×—×” ğŸ›ï¸
â€¢ ××‘× ×” ×§×©×™×— ×•×××™×Ÿ ğŸ› ï¸",https://video.aliexpress-media.com/play/u/ae_sg_item/234591151/p/1/e/6/t/10301/1100106547160.mp4
1005005905479293,https://ae-pic-a1.aliexpress-media.com/kf/Sb1a74daa58434dd4aac4aed00d6358feh.jpg,Original XIAOMI MIJIA × ×™×™×“ ×™×“× ×™ ×©×•××‘ ××‘×§ For Home Car Mini ××œ×—×•×˜×™ Dust Catcher Collector 13000PA Cyclone Suction,284.06,121.76,57%,98.4%,4587,https://s.click.aliexpress.com/e/_ok6cUG1,,"ğŸŒ€ ×‘×™×¦×•×¢×™× ×—×–×§×™× â€“ × ×™×™×“, ××”×™×¨ ×•××•×›×Ÿ ×œ×›×œ ××©×™××”!","Original XIAOMI MIJIA × ×™×™×“ ×™×“× ×™ ×©×•××‘ ××‘×§ For Home Car Mini ××œ×—×•×˜×™ Dust Catcher Collector 13000PA Cyclone Suction
â€¢ ×¢×•×¦××” ×’×‘×•×”×” âš¡
â€¢ × ×™×™×“ ×•×§×•××¤×§×˜×™ ğŸš—
â€¢ ×˜×¢×™× ×” ××”×™×¨×” ğŸ”‹",
1005008390575263,https://ae-pic-a1.aliexpress-media.com/kf/S95f15563accd4c00b405f98962348f3a1.png,Velec Netflix Certification ××§×¨×Ÿ Android 13 4K Native 1080P 650ANSI With Auto Focus Wifi6 BT5.2 360Â° Home Outdoor ××§×¨×Ÿ,681.32,408.79,40%,96.5%,534,https://s.click.aliexpress.com/e/_oCaBIQd,,ğŸ“º ×§×•×œ× ×•×¢ ×‘×‘×™×ª â€“ ×—×•×•×™×™×ª ×¦×¤×™×™×” ×—×“×” ×•××¨×’×©×ª!,"Velec Netflix Certification ××§×¨×Ÿ Android 13 4K Native 1080P 650ANSI With Auto Focus Wifi6 BT5.2 360Â° Home Outdoor ××§×¨×Ÿ
â€¢ ××™×›×•×ª ×ª××•× ×” ×—×“×” ğŸŒŸ
â€¢ ×—×™×‘×•×¨ ×™×¦×™×‘ ×•××”×™×¨ ğŸ“¡
â€¢ ×ª×¤×¢×•×œ ××™× ×˜×•××™×˜×™×‘×™ âš¡",
1005006928333812,https://ae-pic-a1.aliexpress-media.com/kf/S32712b36787e4a489135fd8e3a79d2d7d.jpg,PXN 0082 Wired ××©×—×§ ×‘×§×¨ ××©×—×§ Arcade ×§×•× ×¡×•×œ×” Street Fighter Controller Gaming ×‘×§×¨ ××©×—×§ for USB PS3/PS4/Switch/PC/Android TV /XBOX,279.1,125.59,55%,96.3%,300,https://s.click.aliexpress.com/e/_okCglEZ,,ğŸ® ×’×™×™××™× ×’ ××“×•×™×§ â€“ ×©×œ×™×˜×” ××”×™×¨×” ×•×ª×’×•×‘×” ××™×™×“×™×ª!,"PXN 0082 Wired ××©×—×§ ×‘×§×¨ ××©×—×§ Arcade ×§×•× ×¡×•×œ×” Street Fighter Controller Gaming ×‘×§×¨ ××©×—×§ for USB PS3/PS4/Switch/PC/Android TV /XBOX
â€¢ ×©×œ×™×˜×” ××“×•×™×§×ª ğŸ®
â€¢ ×¢×™×¦×•×‘ ××¨×’×•× ×•××™ ğŸ–
â€¢ ×ª××™××•×ª ×¨×—×‘×” ×œ×¤×œ×˜×¤×•×¨××•×ª ğŸ–¥",
1005007287342790,https://ae-pic-a1.aliexpress-media.com/kf/S8c3f2ddc1379403baa08b84e2ac93affn.jpg,Wholesale Original Xiaomi ZINK Pocket Printer Paper Self-adhesive Photo Print 10//50/100 Sheets Xiaomi 3inch Mini Printer Papers,134.05,69.7,48%,98.2%,1235,https://s.click.aliexpress.com/e/_oBIfQHj,,âœ¨ ××•×¦×¨ ×—×›× ×©×™×©×“×¨×’ ××ª ×”×™×•× ×©×œ×›×!,"Wholesale Original Xiaomi ZINK Pocket Printer Paper Self-adhesive Photo Print 10//50/100 Sheets Xiaomi 3inch Mini Printer Papers
â€¢ ×¢×™×¦×•×‘ ××•×“×¨× ×™ âœ¨
â€¢ ×©×™××•×© ×§×œ ×•× ×•×— âš¡
â€¢ ××•×ª×× ×œ×¦×¨×›×™× ×©×œ×›× ğŸ¯",
1005007530415373,https://ae-pic-a1.aliexpress-media.com/kf/Sf9bf916971104fe8ac4d5102d1cc46b89.jpg,ANBERNIC RG40XX H ×™×“× ×™ ××©×—×§ ×§×•× ×¡×•×œ×” 4.0-in 640*480 ××¡×š IPS 3200mAh 64 Bit System With RGB Light Built in 5K+××©×—×§s RG40XXH,706.03,179.9,74%,94.5%,9433,https://s.click.aliexpress.com/e/_op8HWE9,,ğŸ® ×’×™×™××™× ×’ ××“×•×™×§ â€“ ×©×œ×™×˜×” ××”×™×¨×” ×•×ª×’×•×‘×” ××™×™×“×™×ª!,"ANBERNIC RG40XX H ×™×“× ×™ ××©×—×§ ×§×•× ×¡×•×œ×” 4.0-in 640*480 ××¡×š IPS 3200mAh 64 Bit System With RGB Light Built in 5K+××©×—×§s RG40XXH
â€¢ ×©×œ×™×˜×” ××“×•×™×§×ª ğŸ®
â€¢ ×¢×™×¦×•×‘ ××¨×’×•× ×•××™ ğŸ–
â€¢ ×ª××™××•×ª ×¨×—×‘×” ×œ×¤×œ×˜×¤×•×¨××•×ª ğŸ–¥",
1005009094624582,https://ae-pic-a1.aliexpress-media.com/kf/S092a7e3a3246493ea8b24655826d022ae.jpg,Brooks Glycerin Max Neutral Running & Walking Shoe Menâ€™s&Womenâ€™s,439.92,172.14,60%,92.1%,928,https://s.click.aliexpress.com/e/_onJ4Df3,,âœ¨ ××•×¦×¨ ×—×›× ×©×™×©×“×¨×’ ××ª ×”×™×•× ×©×œ×›×!,"Brooks Glycerin Max Neutral Running & Walking Shoe Menâ€™s&Womenâ€™s
â€¢ ×¢×™×¦×•×‘ ××•×“×¨× ×™ âœ¨
â€¢ ×©×™××•×© ×§×œ ×•× ×•×— âš¡
â€¢ ××•×ª×× ×œ×¦×¨×›×™× ×©×œ×›× ğŸ¯",
1005007816279282,https://ae-pic-a1.aliexpress-media.com/kf/S9d2a73e13e0c40258e49a4cf2f1757dd8.jpg,Stream Dock Mini Visual Keyboard 15Keys StreamDeck LCD Button Live Content Creation Controller Custom Button For Win/MacOS Gifts,504.85,137.82,72%,92.4%,2818,https://s.click.aliexpress.com/e/_oklz8tb,,ğŸ® ×’×™×™××™× ×’ ××“×•×™×§ â€“ ×©×œ×™×˜×” ××”×™×¨×” ×•×ª×’×•×‘×” ××™×™×“×™×ª!,"Stream Dock Mini Visual Keyboard 15Keys StreamDeck LCD Button Live Content Creation Controller Custom Button For Win/MacOS Gifts
â€¢ ×©×œ×™×˜×” ××“×•×™×§×ª ğŸ®
â€¢ ×¢×™×¦×•×‘ ××¨×’×•× ×•××™ ğŸ–
â€¢ ×ª××™××•×ª ×¨×—×‘×” ×œ×¤×œ×˜×¤×•×¨××•×ª ğŸ–¥",
1005008590792929,https://ae-pic-a1.aliexpress-media.com/kf/A83516346db4c4d49a8a1cc15392ee8a4b.jpg,"2025 COLMI R12 ×—×›× Ring with Display ××¡×š and Touch, ××œ×—×•×˜×™ ×˜×¢×™× ×”, Health Manager, 5 ATM ×¢××™×“ ×‘××™× For Men Women",230.44,85.98,62%,90.5%,3001,https://s.click.aliexpress.com/e/_okhv3Ap,,âœ¨ ××•×¦×¨ ×—×›× ×©×™×©×“×¨×’ ××ª ×”×™×•× ×©×œ×›×!,"2025 COLMI R12 ×—×›× Ring with Display ××¡×š and Touch, ××œ×—×•×˜×™ ×˜×¢×™× ×”, Health Manager, 5 ATM ×¢××™×“ ×‘××™× For Men Women
â€¢ ×¢×™×¦×•×‘ ××•×“×¨× ×™ âœ¨
â€¢ ×©×™××•×© ×§×œ ×•× ×•×— âš¡
â€¢ ××•×ª×× ×œ×¦×¨×›×™× ×©×œ×›× ğŸ¯",
1005006994960071,https://ae-pic-a1.aliexpress-media.com/kf/S681b2ab3798d4fba99283f41add42e01l.jpg,Xiaomi Mijia ××“×—×¡ ××•×•×™×¨ × ×™×™×“ 2D Mini × ×™×™×“ Electric Air ×§×•××¤×¨×¡×•×¨ Treasure 150PSI Type-C LED Multitool Xiaomi Inflator,250.12,112.55,55%,98.0%,23985,https://s.click.aliexpress.com/e/_oBQSBVX,,"ğŸŒ€ ×‘×™×¦×•×¢×™× ×—×–×§×™× â€“ × ×™×™×“, ××”×™×¨ ×•××•×›×Ÿ ×œ×›×œ ××©×™××”!","Xiaomi Mijia ××“×—×¡ ××•×•×™×¨ × ×™×™×“ 2D Mini × ×™×™×“ Electric Air ×§×•××¤×¨×¡×•×¨ Treasure 150PSI Type-C LED Multitool Xiaomi Inflator
â€¢ ×¢×•×¦××” ×’×‘×•×”×” âš¡
â€¢ × ×™×™×“ ×•×§×•××¤×§×˜×™ ğŸš—
â€¢ ×˜×¢×™× ×” ××”×™×¨×” ğŸ”‹",
32696764096,https://ae-pic-a1.aliexpress-media.com/kf/S274bf70e0cfe486398c9fdeebd2ccff9p.png,Retekess V115 Radio FM AM SW × ×™×™×“ Radios AM FM × ×˜×¢×Ÿ ×¨×“×™×• ×’×œ×™× ×§×¦×¨×™× Battery Powered Full Waves USB Recorder For Gift,132.55,65.86,50%,95.8%,1142,https://s.click.aliexpress.com/e/_oBYjYHF,,ğŸ“¡ ×§×œ×™×˜×” ×—×“×” ×•×§×©×¨ ×™×¦×™×‘ â€“ ×‘×›×œ ××§×•×!,"Retekess V115 Radio FM AM SW × ×™×™×“ Radios AM FM × ×˜×¢×Ÿ ×¨×“×™×• ×’×œ×™× ×§×¦×¨×™× Battery Powered Full Waves USB Recorder For Gift
â€¢ ×§×œ×™×˜×” ×™×¦×™×‘×” ×‘×˜×•×•×— ×¨×—×‘ ğŸ“¡
â€¢ ×¡×•×œ×œ×” ×—×–×§×” ğŸ”‹
â€¢ ××‘× ×” ×§×©×™×— ×œ×©×˜×— ğŸ§­",https://video.aliexpress-media.com/play/u/ae_sg_item/202116382/p/1/e/6/t/10301/1100125667037.mp4
1005007009985780,https://ae-pic-a1.aliexpress-media.com/kf/S5349e0eed9ce42d0bd43d8b5cd0cdcb04.jpg,2025 New Al Science Diagnosis Blood Lipids Uric Acid Blood Oxygen ×—×›× Watch Men ECG+PPG Voice Bluetooth Call Health ×—×›×watch,226.97,68.09,70%,91.7%,4721,https://s.click.aliexpress.com/e/_oCNoLtR,,âœ¨ ××•×¦×¨ ×—×›× ×©×™×©×“×¨×’ ××ª ×”×™×•× ×©×œ×›×!,"2025 New Al Science Diagnosis Blood Lipids Uric Acid Blood Oxygen ×—×›× Watch Men ECG+PPG Voice Bluetooth Call Health ×—×›×watch
â€¢ ×¢×™×¦×•×‘ ××•×“×¨× ×™ âœ¨
â€¢ ×©×™××•×© ×§×œ ×•× ×•×— âš¡
â€¢ ××•×ª×× ×œ×¦×¨×›×™× ×©×œ×›× ğŸ¯",
1005006967391791,https://ae-pic-a1.aliexpress-media.com/kf/S608884bea29c4e759bc3aeb59d0de391d.jpg,××©×—×§pad ××œ×—×•×˜×™ Gaming Controller Machenike G5 Pro Elite Hall Trigger ×‘×§×¨ ××©×—×§ Mecha-Tactile Buttons For Switch PC Android IOS,231.86,106.66,54%,98.0%,7015,https://s.click.aliexpress.com/e/_omzpBeh,,ğŸ® ×’×™×™××™× ×’ ××“×•×™×§ â€“ ×©×œ×™×˜×” ××”×™×¨×” ×•×ª×’×•×‘×” ××™×™×“×™×ª!,"××©×—×§pad ××œ×—×•×˜×™ Gaming Controller Machenike G5 Pro Elite Hall Trigger ×‘×§×¨ ××©×—×§ Mecha-Tactile Buttons For Switch PC Android IOS
â€¢ ×©×œ×™×˜×” ××“×•×™×§×ª ğŸ®
â€¢ ×¢×™×¦×•×‘ ××¨×’×•× ×•××™ ğŸ–
â€¢ ×ª××™××•×ª ×¨×—×‘×” ×œ×¤×œ×˜×¤×•×¨××•×ª ğŸ–¥",https://video.aliexpress-media.com/play/u/ae_sg_item/239194804/p/1/e/6/t/10301/1100195774241.mp4
1005007331291294,https://ae-pic-a1.aliexpress-media.com/kf/Sd06a3528259643ac9fa48d767daaaf5fI.jpg,JIKONG BMS 4S/24S 12V 24V 72V Active Balance BMS ×—×›× BMS 40A 60A 80A 100A  200A 300A Lifepo4 Li-Ion Lto 18650 Battery BMS,294.48,91.29,69%,98.9%,237,https://s.click.aliexpress.com/e/_oFEpcvj,,âœ¨ ××•×¦×¨ ×—×›× ×©×™×©×“×¨×’ ××ª ×”×™×•× ×©×œ×›×!,"JIKONG BMS 4S/24S 12V 24V 72V Active Balance BMS ×—×›× BMS 40A 60A 80A 100A  200A 300A Lifepo4 Li-Ion Lto 18650 Battery BMS
â€¢ ×¢×™×¦×•×‘ ××•×“×¨× ×™ âœ¨
â€¢ ×©×™××•×© ×§×œ ×•× ×•×— âš¡
â€¢ ××•×ª×× ×œ×¦×¨×›×™× ×©×œ×›× ğŸ¯",
32976955582,https://ae-pic-a1.aliexpress-media.com/kf/S879f2260335541e196046869cbeb36abu.jpg,Oneodio Fusion A70 Bluetooth 5.2 ××•×–× ×™×•×ª Hi-Res Audio Over Ear ××œ×—×•×˜×™ ××•×–× ×™×•×ª Professional Studio Monitor DJ ××•×–× ×™×•×ª 72H,187.64,119.6,36%,97.1%,1839,https://s.click.aliexpress.com/e/_ooqDFiD,,ğŸ§ ×©×“×¨×’×• ××ª ×”×”××–× ×” â€“ ×¦×œ×™×œ ×—×“ ×•×‘×¨×•×¨ ×‘×›×œ ×¨×’×¢!,"Oneodio Fusion A70 Bluetooth 5.2 ××•×–× ×™×•×ª Hi-Res Audio Over Ear ××œ×—×•×˜×™ ××•×–× ×™×•×ª Professional Studio Monitor DJ ××•×–× ×™×•×ª 72H
â€¢ ××™×›×•×ª ×¦×œ×™×œ ×—×“×” ğŸµ
â€¢ × ×•×—×•×ª ×‘×©×™××•×© ×××•×©×š ğŸ§
â€¢ ×—×™×™ ×¡×•×œ×œ×” ××¨×•×›×™× ğŸ”‹",
1005007508375209,https://ae-pic-a1.aliexpress-media.com/kf/S776db59792cd43e98501dac298e74288m.jpg,MIYOO Mini Plus × ×™×™×“ Retro ×™×“× ×™ ××©×—×§ ×§×•× ×¡×•×œ×” V2 Mini+ ××¡×š IPS Classic Video ××©×—×§ ×§×•× ×¡×•×œ×” Linux System Children's Gift,480.07,122.32,74%,96.1%,7506,https://s.click.aliexpress.com/e/_oljRn89,,ğŸ® ×’×™×™××™× ×’ ××“×•×™×§ â€“ ×©×œ×™×˜×” ××”×™×¨×” ×•×ª×’×•×‘×” ××™×™×“×™×ª!,"MIYOO Mini Plus × ×™×™×“ Retro ×™×“× ×™ ××©×—×§ ×§×•× ×¡×•×œ×” V2 Mini+ ××¡×š IPS Classic Video ××©×—×§ ×§×•× ×¡×•×œ×” Linux System Children's Gift
â€¢ ×©×œ×™×˜×” ××“×•×™×§×ª ğŸ®
â€¢ ×¢×™×¦×•×‘ ××¨×’×•× ×•××™ ğŸ–
â€¢ ×ª××™××•×ª ×¨×—×‘×” ×œ×¤×œ×˜×¤×•×¨××•×ª ğŸ–¥",
1005007424025338,https://ae-pic-a1.aliexpress-media.com/kf/Sbb21f0ecc6284888803192d262a841f9F.jpg,R36S Retro ×™×“× ×™ Video ××©×—×§ ×§×•× ×¡×•×œ×” Linux System 3.5 Inch ××¡×š IPS R35s Plus × ×™×™×“ Pocket Video Player 64GB 128GB,384.45,97.95,74%,94.5%,11315,https://s.click.aliexpress.com/e/_oE4novj,,ğŸ® ×’×™×™××™× ×’ ××“×•×™×§ â€“ ×©×œ×™×˜×” ××”×™×¨×” ×•×ª×’×•×‘×” ××™×™×“×™×ª!,"R36S Retro ×™×“× ×™ Video ××©×—×§ ×§×•× ×¡×•×œ×” Linux System 3.5 Inch ××¡×š IPS R35s Plus × ×™×™×“ Pocket Video Player 64GB 128GB
â€¢ ×©×œ×™×˜×” ××“×•×™×§×ª ğŸ®
â€¢ ×¢×™×¦×•×‘ ××¨×’×•× ×•××™ ğŸ–
â€¢ ×ª××™××•×ª ×¨×—×‘×” ×œ×¤×œ×˜×¤×•×¨××•×ª ğŸ–¥",
1005006860905354,https://ae-pic-a1.aliexpress-media.com/kf/S83f9da56754640f29fb7438342593b730.jpg,RetroScaler2x AV to HDMI-compatible Converter and Line-doubler For Retro ××©×—×§ ×§×•× ×¡×•×œ×”s PS2 N64 NES Dreamcast Saturn MD1 MD2,263.13,121.04,54%,99.8%,6087,https://s.click.aliexpress.com/e/_oocwQhb,,ğŸ® ×’×™×™××™× ×’ ××“×•×™×§ â€“ ×©×œ×™×˜×” ××”×™×¨×” ×•×ª×’×•×‘×” ××™×™×“×™×ª!,"RetroScaler2x AV to HDMI-compatible Converter and Line-doubler For Retro ××©×—×§ ×§×•× ×¡×•×œ×”s PS2 N64 NES Dreamcast Saturn MD1 MD2
â€¢ ×©×œ×™×˜×” ××“×•×™×§×ª ğŸ®
â€¢ ×¢×™×¦×•×‘ ××¨×’×•× ×•××™ ğŸ–
â€¢ ×ª××™××•×ª ×¨×—×‘×” ×œ×¤×œ×˜×¤×•×¨××•×ª ğŸ–¥",
1005006356868188,https://ae-pic-a1.aliexpress-media.com/kf/Sf2b4fcd7ac14417daceca38120f7feb75.jpg,SJCAM C100 Plus ××¦×œ××ª ××§×©×Ÿ 4K 30M ×¢××™×“ ×‘××™× 2.4G WiFi Action Sport action cam EIS bicycle helmet motorcycles,337.49,125.92,62%,93.4%,3827,https://s.click.aliexpress.com/e/_ol5l7KD,,ğŸ“· ×ª×¤×¡×• ×›×œ ×¨×’×¢ â€“ ×¦×™×œ×•× ×—×“ ×•××™×•×¦×‘ ×‘×›×œ ××¦×‘!,"SJCAM C100 Plus ××¦×œ××ª ××§×©×Ÿ 4K 30M ×¢××™×“ ×‘××™× 2.4G WiFi Action Sport action cam EIS bicycle helmet motorcycles
â€¢ ×•×™×“××• ×—×“ ×•×™×¦×™×‘ ğŸ“·
â€¢ ×¢××™×“ ×œ××™×/×©×˜×— ğŸ’§
â€¢ ×—×™×‘×•×¨ ××”×™×¨ ×•×©×œ×™×˜×” ×§×œ×” ğŸ“¡",https://video.aliexpress-media.com/play/u/ae_sg_item/2675953163/p/1/e/6/t/10301/1100200580525.mp4
1005007519390470,https://ae-pic-a1.aliexpress-media.com/kf/S8305bc7d0dd64e6a844a348c472f5df9X.jpg,Baofeng UV 21 Pro ××œ×—×•×˜×™ Copy Frequency ××›×©×™×¨ ×§×©×¨ 16 KM AM Long Range ×¢××™×“ ×‘××™× Multi-Band Type-C Charger Ham Radio UV 5R,276.35,88.43,68%,94.0%,672,https://s.click.aliexpress.com/e/_oDcw81F,,ğŸ“¡ ×§×œ×™×˜×” ×—×“×” ×•×§×©×¨ ×™×¦×™×‘ â€“ ×‘×›×œ ××§×•×!,"Baofeng UV 21 Pro ××œ×—×•×˜×™ Copy Frequency ××›×©×™×¨ ×§×©×¨ 16 KM AM Long Range ×¢××™×“ ×‘××™× Multi-Band Type-C Charger Ham Radio UV 5R
â€¢ ×§×œ×™×˜×” ×™×¦×™×‘×” ×‘×˜×•×•×— ×¨×—×‘ ğŸ“¡
â€¢ ×¡×•×œ×œ×” ×—×–×§×” ğŸ”‹
â€¢ ××‘× ×” ×§×©×™×— ×œ×©×˜×— ğŸ§­",
32765264904,https://ae-pic-a1.aliexpress-media.com/kf/S6e63c51475e2422dac606540a9748ac1P.jpg,TELESIN 6'' Dome Port 30M ×¢××™×“ ×‘××™× Case Housing For Gopro Hero 9 10 11 12 13 Trigger Dome Cover Lens Accessories,139.22,129.5,6%,87.1%,92,https://s.click.aliexpress.com/e/_oDpkUuv,,âœ¨ ××•×¦×¨ ×—×›× ×©×™×©×“×¨×’ ××ª ×”×™×•× ×©×œ×›×!,"TELESIN 6'' Dome Port 30M ×¢××™×“ ×‘××™× Case Housing For Gopro Hero 9 10 11 12 13 Trigger Dome Cover Lens Accessories
â€¢ ×¢×™×¦×•×‘ ××•×“×¨× ×™ âœ¨
â€¢ ×©×™××•×© ×§×œ ×•× ×•×— âš¡
â€¢ ××•×ª×× ×œ×¦×¨×›×™× ×©×œ×›× ğŸ¯",https://video.aliexpress-media.com/play/u/ae_sg_item/205936020/p/1/e/6/t/10301/1100163342837.mp4
1005006495729113,https://ae-pic-a1.aliexpress-media.com/kf/S05a8d44533554ced935a6d8b1f388c142.png,Trimui ×—×›× Pro ×™×“× ×™ ××©×—×§ ×§×•× ×¡×•×œ×” 4.96''××¡×š IPS Linux System ×‘×§×¨ ××©×—×§ RGB Lighting ×—×›×pro Retro Video ××©×—×§ Player Gift,489.7,191.62,60%,96.0%,3352,https://s.click.aliexpress.com/e/_op9NrNR,,ğŸ® ×’×™×™××™× ×’ ××“×•×™×§ â€“ ×©×œ×™×˜×” ××”×™×¨×” ×•×ª×’×•×‘×” ××™×™×“×™×ª!,"Trimui ×—×›× Pro ×™×“× ×™ ××©×—×§ ×§×•× ×¡×•×œ×” 4.96''××¡×š IPS Linux System ×‘×§×¨ ××©×—×§ RGB Lighting ×—×›×pro Retro Video ××©×—×§ Player Gift
â€¢ ×©×œ×™×˜×” ××“×•×™×§×ª ğŸ®
â€¢ ×¢×™×¦×•×‘ ××¨×’×•× ×•××™ ğŸ–
â€¢ ×ª××™××•×ª ×¨×—×‘×” ×œ×¤×œ×˜×¤×•×¨××•×ª ğŸ–¥",
1005007884966031,https://ae-pic-a1.aliexpress-media.com/kf/Sfc9d9014d1b846688310176d171d81e0b.png,GLXD4 BETA58A Professional Dual ××œ×—×•×˜×™ ××™×§×¨×•×¤×•×Ÿrophone System Stage Performances UHF Dynamic 2 Channel Dual ×™×“× ×™,277.68,113.71,59%,91.3%,1692,https://s.click.aliexpress.com/e/_omKJVet,,"ğŸ¤ ×§×•×œ ××§×¦×•×¢×™ â€“ ×œ×©×™×“×•×¨×™×, ×¤×•×“×§××¡×˜×™× ×•×”×§×œ×˜×•×ª!","GLXD4 BETA58A Professional Dual ××œ×—×•×˜×™ ××™×§×¨×•×¤×•×Ÿrophone System Stage Performances UHF Dynamic 2 Channel Dual ×™×“× ×™
â€¢ ××™×›×•×ª ×§×•×œ ××§×¦×•×¢×™×ª ğŸ¤
â€¢ ×©×œ×™×˜×” × ×•×—×” ğŸ›ï¸
â€¢ ××‘× ×” ×§×©×™×— ×•×××™×Ÿ ğŸ› ï¸",
1005007407763069,https://ae-pic-a1.aliexpress-media.com/kf/Seb6dfc3c378c48d0a3eefe466f7ed9e2X.jpg,50M ××œ×—×•×˜×™ Video Transmitter Receiver HDMI-Compatible Extender TV Stick ××¡×š Mirror Adapter Switch DVD PC To TV ××§×¨×Ÿ,219.29,65.79,70%,93.7%,871,https://s.click.aliexpress.com/e/_ol5WI25,,ğŸ“º ×§×•×œ× ×•×¢ ×‘×‘×™×ª â€“ ×—×•×•×™×™×ª ×¦×¤×™×™×” ×—×“×” ×•××¨×’×©×ª!,"50M ××œ×—×•×˜×™ Video Transmitter Receiver HDMI-Compatible Extender TV Stick ××¡×š Mirror Adapter Switch DVD PC To TV ××§×¨×Ÿ
â€¢ ××™×›×•×ª ×ª××•× ×” ×—×“×” ğŸŒŸ
â€¢ ×—×™×‘×•×¨ ×™×¦×™×‘ ×•××”×™×¨ ğŸ“¡
â€¢ ×ª×¤×¢×•×œ ××™× ×˜×•××™×˜×™×‘×™ âš¡",
1005006033882389,https://ae-pic-a1.aliexpress-media.com/kf/S6cd2443ba01c427b884ace60329455d9t.jpg,"FIFINE Gaming Audio Mixer,Streaming 4-Channel RGB Mixer with XLR ××™×§×¨×•×¤×•×Ÿrophone Interface,for ××©×—×§ Voice,Podcast,Ampli××©×—×§ SC3",395.69,111.63,71%,95.7%,4008,https://s.click.aliexpress.com/e/_oEWE5PT,,ğŸ® ×’×™×™××™× ×’ ××“×•×™×§ â€“ ×©×œ×™×˜×” ××”×™×¨×” ×•×ª×’×•×‘×” ××™×™×“×™×ª!,"FIFINE Gaming Audio Mixer,Streaming 4-Channel RGB Mixer with XLR ××™×§×¨×•×¤×•×Ÿrophone Interface,for ××©×—×§ Voice,Podcast,Ampli××©×—×§ SC3
â€¢ ×©×œ×™×˜×” ××“×•×™×§×ª ğŸ®
â€¢ ×¢×™×¦×•×‘ ××¨×’×•× ×•××™ ğŸ–
â€¢ ×ª××™××•×ª ×¨×—×‘×” ×œ×¤×œ×˜×¤×•×¨××•×ª ğŸ–¥",https://video.aliexpress-media.com/play/u/ae_sg_item/234591151/p/1/e/6/t/10301/1100177576931.mp4
